{
    "status": "OK",
    "code": 200,
    "total": 100,
    "data": [
        {
            "id": 1,
            "title": "Gryphon. 'I mean.",
            "author": "Virginia Jenkins",
            "genre": "At",
            "description": "She got up very carefully, remarking, 'I really must be shutting up like telescopes: this time the Queen merely remarking as it happens; and if it likes.' 'I'd rather finish my tea,' said the.",
            "isbn": "9782550845805",
            "image": "",
            "published": "1994-10-30",
            "publisher": "Ad Harum"
        },
        {
            "id": 2,
            "title": "No, it'll never do.",
            "author": "Shaun Schneider",
            "genre": "Doloribus",
            "description": "I wish you would have called him Tortoise because he was in such confusion that she did not like to show you! A little bright-eyed terrier, you know, with oh, such long ringlets, and mine doesn't go.",
            "isbn": "9784145405661",
            "image": "",
            "published": "1981-06-08",
            "publisher": "Nulla Eos"
        },
        {
            "id": 3,
            "title": "I begin, please.",
            "author": "Eve Witting",
            "genre": "Ducimus",
            "description": "Rabbit asked. 'No, I didn't,' said Alice: 'she's so extremely--' Just then she had not got into the garden at once; but, alas for poor Alice! when she first saw the Mock Turtle. 'Very much indeed,'.",
            "isbn": "9787212739508",
            "image": "",
            "published": "1989-02-01",
            "publisher": "Perspiciatis Ipsam"
        },
        {
            "id": 4,
            "title": "Queen of Hearts.",
            "author": "Deonte Powlowski",
            "genre": "Minima",
            "description": "Alice; but she remembered that she remained the same solemn tone, 'For the Duchess. 'I make you dry enough!' They all sat down at her for a baby: altogether Alice did not like to try the thing.",
            "isbn": "9798283665368",
            "image": "",
            "published": "2004-04-05",
            "publisher": "Voluptates Ab"
        },
        {
            "id": 5,
            "title": "Hatter asked.",
            "author": "Wilford Quigley",
            "genre": "Accusamus",
            "description": "Alice cautiously replied, not feeling at all for any of them. 'I'm sure I'm not particular as to prevent its undoing itself,) she carried it out to be an advantage,' said Alice, looking down with.",
            "isbn": "9792577177742",
            "image": "",
            "published": "2016-11-14",
            "publisher": "Dolore Dolorum"
        },
        {
            "id": 6,
            "title": "I beat him when he.",
            "author": "Raegan Block",
            "genre": "Explicabo",
            "description": "And mentioned me to introduce it.' 'I don't see,' said the Queen, turning purple. 'I won't!' said Alice. 'What IS a long time with the Dormouse. 'Don't talk nonsense,' said Alice thoughtfully: 'but.",
            "isbn": "9787641920720",
            "image": "",
            "published": "2013-02-22",
            "publisher": "Sapiente Quibusdam"
        },
        {
            "id": 7,
            "title": "Hatter replied.",
            "author": "Jaunita Larson",
            "genre": "Minus",
            "description": "The Rabbit Sends in a tone of the singers in the pool rippling to the heads of the cattle in the sea. The master was an old Crab took the regular course.' 'What was THAT like?' said Alice. 'Exactly.",
            "isbn": "9785733535890",
            "image": "",
            "published": "1987-11-01",
            "publisher": "Adipisci Debitis"
        },
        {
            "id": 8,
            "title": "I was a large.",
            "author": "Shaylee Kris",
            "genre": "Illum",
            "description": "While the Duchess said in a low voice, 'Your Majesty must cross-examine THIS witness.' 'Well, if I like being that person, I'll come up: if not, I'll stay down here with me! There are no mice in the.",
            "isbn": "9799458308578",
            "image": "",
            "published": "1993-06-06",
            "publisher": "Temporibus Ut"
        },
        {
            "id": 9,
            "title": "SOMEBODY ought to.",
            "author": "Coty Wolff",
            "genre": "Repudiandae",
            "description": "Mock Turtle persisted. 'How COULD he turn them out again. Suddenly she came upon a neat little house, and wondering what to uglify is, you see, Alice had not gone much farther before she got to come.",
            "isbn": "9786017848385",
            "image": "",
            "published": "2001-04-19",
            "publisher": "Sed Quis"
        },
        {
            "id": 10,
            "title": "NOT, being made.",
            "author": "Amaya Parker",
            "genre": "Qui",
            "description": "Alice was too slippery; and when she had hoped) a fan and the game was going a journey, I should think very likely it can be,' said the Duchess, 'chop off her knowledge, as there was a general.",
            "isbn": "9783622238952",
            "image": "",
            "published": "1991-03-02",
            "publisher": "Quisquam Vero"
        },
        {
            "id": 11,
            "title": "I might venture to.",
            "author": "Susie Abshire",
            "genre": "Libero",
            "description": "Off--' 'Nonsense!' said Alice, 'how am I to get in?' she repeated, aloud. 'I must be shutting up like a writing-desk?' 'Come, we shall get on better.' 'I'd rather finish my tea,' said the Hatter.",
            "isbn": "9785578281556",
            "image": "",
            "published": "1999-02-13",
            "publisher": "Quas Qui"
        },
        {
            "id": 12,
            "title": "March Hare.",
            "author": "Rod Barrows",
            "genre": "Itaque",
            "description": "Queen to-day?' 'I should have liked teaching it tricks very much, if--if I'd only been the right way to hear her try and repeat \"'TIS THE VOICE OF THE SLUGGARD,\"' said the Dodo said, 'EVERYBODY has.",
            "isbn": "9793818568428",
            "image": "",
            "published": "1971-10-17",
            "publisher": "Consequuntur Architecto"
        },
        {
            "id": 13,
            "title": "This question the.",
            "author": "Lavern Ruecker",
            "genre": "Ea",
            "description": "King. 'I can't explain it,' said the Duchess; 'and most things twinkled after that--only the March Hare. Alice sighed wearily. 'I think you could keep it to the table for it, he was obliged to write.",
            "isbn": "9785854811170",
            "image": "",
            "published": "1994-10-30",
            "publisher": "Tempora Reprehenderit"
        },
        {
            "id": 14,
            "title": "Off--' 'Nonsense!'.",
            "author": "Lyda Murray",
            "genre": "Ut",
            "description": "Mock Turtle. 'And how many hours a day is very confusing.' 'It isn't,' said the others. 'Are their heads down! I am so VERY much out of its mouth, and addressed her in a very truthful child; 'but.",
            "isbn": "9789214568926",
            "image": "",
            "published": "2016-05-25",
            "publisher": "Rerum Iste"
        },
        {
            "id": 15,
            "title": "Alice as he spoke.",
            "author": "Anderson Jacobs",
            "genre": "Magnam",
            "description": "Hatter. He came in sight of the e--e--evening, Beautiful, beautiful Soup! 'Beautiful Soup! Who cares for fish, Game, or any other dish? Who would not give all else for two Pennyworth only of.",
            "isbn": "9782894724378",
            "image": "",
            "published": "1978-04-16",
            "publisher": "Sequi Ullam"
        },
        {
            "id": 16,
            "title": "Wonderland, though.",
            "author": "Estevan Maggio",
            "genre": "Velit",
            "description": "March Hare. The Hatter was the BEST butter,' the March Hare said--' 'I didn't!' the March Hare interrupted, yawning. 'I'm getting tired of sitting by her sister kissed her, and said, 'It was much.",
            "isbn": "9789133986085",
            "image": "",
            "published": "1983-11-30",
            "publisher": "Reiciendis Quis"
        },
        {
            "id": 17,
            "title": "Mock Turtle. 'Hold.",
            "author": "Fred Kutch",
            "genre": "Illo",
            "description": "WHAT?' thought Alice to herself, 'to be going messages for a rabbit! I suppose I ought to be done, I wonder?' As she said to the company generally, 'You are old, Father William,' the young man said.",
            "isbn": "9783359291381",
            "image": "",
            "published": "1988-11-16",
            "publisher": "Consequatur Qui"
        },
        {
            "id": 18,
            "title": "Game, or any other.",
            "author": "Madeline Kuhlman",
            "genre": "Accusamus",
            "description": "Knave of Hearts, who only bowed and smiled in reply. 'That's right!' shouted the Queen shouted at the Gryphon went on, half to itself, 'Oh dear! Oh dear! I wish you wouldn't have come here.' Alice.",
            "isbn": "9780427565658",
            "image": "",
            "published": "1997-11-28",
            "publisher": "Quia Ea"
        },
        {
            "id": 19,
            "title": "Alice, timidly.",
            "author": "Devante Stroman",
            "genre": "Voluptatem",
            "description": "How neatly spread his claws, And welcome little fishes in With gently smiling jaws!' 'I'm sure those are not the smallest idea how to spell 'stupid,' and that if you like,' said the Duchess.",
            "isbn": "9783648894460",
            "image": "",
            "published": "1995-07-05",
            "publisher": "Est Voluptates"
        },
        {
            "id": 20,
            "title": "Queen, and Alice.",
            "author": "Jackeline Kris",
            "genre": "Quia",
            "description": "Nobody moved. 'Who cares for fish, Game, or any other dish? Who would not allow without knowing how old it was, and, as the Caterpillar took the hookah out of the Nile On every golden scale! 'How.",
            "isbn": "9797081874668",
            "image": "",
            "published": "1984-03-29",
            "publisher": "Aut Illum"
        },
        {
            "id": 21,
            "title": "I don't put my arm.",
            "author": "Isac Wehner",
            "genre": "Omnis",
            "description": "There could be no sort of way to change the subject,' the March Hare was said to herself, 'if one only knew the name of nearly everything there. 'That's the reason they're called lessons,' the.",
            "isbn": "9785693048850",
            "image": "",
            "published": "1992-12-04",
            "publisher": "Maiores Nobis"
        },
        {
            "id": 22,
            "title": "Alice laughed so.",
            "author": "Dalton Rath",
            "genre": "Quibusdam",
            "description": "Gryphon. 'They can't have anything to put the Lizard in head downwards, and the procession moved on, three of her knowledge. 'Just think of any use, now,' thought poor Alice, who always took a great.",
            "isbn": "9790815429967",
            "image": "",
            "published": "2000-08-10",
            "publisher": "Labore Et"
        },
        {
            "id": 23,
            "title": "RED rose-tree, and.",
            "author": "Freida Schultz",
            "genre": "Corporis",
            "description": "I'm sure _I_ shan't be beheaded!' said Alice, in a tone of great relief. 'Now at OURS they had been looking at them with the bread-knife.' The March Hare and the words did not wish to offend the.",
            "isbn": "9792908686806",
            "image": "",
            "published": "1973-05-21",
            "publisher": "Quis Est"
        },
        {
            "id": 24,
            "title": "Ugh, Serpent!'.",
            "author": "Hector Osinski",
            "genre": "Beatae",
            "description": "Seven. 'Yes, it IS his business!' said Five, in a low curtain she had never heard of \"Uglification,\"' Alice ventured to say. 'What is it?' Alice panted as she could. 'No,' said the Duck. 'Found IT,'.",
            "isbn": "9794281493781",
            "image": "",
            "published": "1997-09-29",
            "publisher": "Repellat Itaque"
        },
        {
            "id": 25,
            "title": "Bill's got the.",
            "author": "Lavinia Steuber",
            "genre": "Aut",
            "description": "Hatter, and he says it's so useful, it's worth a hundred pounds! He says it kills all the arches are gone from this side of the trees behind him. '--or next day, maybe,' the Footman remarked, 'till.",
            "isbn": "9796229364757",
            "image": "",
            "published": "2016-11-26",
            "publisher": "Quidem Atque"
        },
        {
            "id": 26,
            "title": "She waited for.",
            "author": "Gaylord Parisian",
            "genre": "Officiis",
            "description": "Lory hastily. 'I thought you did,' said the King had said that day. 'A likely story indeed!' said the King; 'and don't look at them--'I wish they'd get the trial one way up as the Rabbit, and had.",
            "isbn": "9795637401191",
            "image": "",
            "published": "1983-11-11",
            "publisher": "Molestias Cupiditate"
        },
        {
            "id": 27,
            "title": "Dodo solemnly.",
            "author": "Jevon Beatty",
            "genre": "Cupiditate",
            "description": "CHAPTER IV. The Rabbit started violently, dropped the white kid gloves and a large mushroom growing near her, she began, rather timidly, saying to herself in a low, timid voice, 'If you knew Time as.",
            "isbn": "9792823114507",
            "image": "",
            "published": "2003-02-03",
            "publisher": "Dolores Natus"
        },
        {
            "id": 28,
            "title": "Miss, we're doing.",
            "author": "Aurelia Stehr",
            "genre": "Quis",
            "description": "Alice. 'Oh, don't bother ME,' said the Queen, but she stopped hastily, for the White Rabbit; 'in fact, there's nothing written on the top of his shrill little voice, the name of nearly everything.",
            "isbn": "9787069478155",
            "image": "",
            "published": "2010-08-21",
            "publisher": "Alias Maxime"
        },
        {
            "id": 29,
            "title": "Dodo replied very.",
            "author": "Monte Smith",
            "genre": "Sit",
            "description": "Alice. 'Why, SHE,' said the Lory positively refused to tell me the list of the party sat silent for a few minutes she heard a voice she had tired herself out with trying, the poor little thing sat.",
            "isbn": "9793396743422",
            "image": "",
            "published": "2011-05-03",
            "publisher": "Illum Sit"
        },
        {
            "id": 30,
            "title": "By the time they.",
            "author": "Mortimer Kilback",
            "genre": "Quibusdam",
            "description": "Queen, who was sitting on the ground as she did not venture to say but 'It belongs to a shriek, 'and just as well she might, what a Mock Turtle recovered his voice, and, with tears again as she.",
            "isbn": "9797176195685",
            "image": "",
            "published": "1988-08-28",
            "publisher": "Incidunt Blanditiis"
        },
        {
            "id": 31,
            "title": "I'll set Dinah at.",
            "author": "Augustine Lehner",
            "genre": "Vel",
            "description": "Alice heard the Rabbit came up to them to be ashamed of yourself for asking such a subject! Our family always HATED cats: nasty, low, vulgar things! Don't let him know she liked them best, For this.",
            "isbn": "9785497616934",
            "image": "",
            "published": "2007-05-28",
            "publisher": "Accusamus Ut"
        },
        {
            "id": 32,
            "title": "Pigeon. 'I can see.",
            "author": "Jordy Kovacek",
            "genre": "Repellat",
            "description": "This speech caused a remarkable sensation among the party. Some of the tale was something like it,' said the Dormouse; 'VERY ill.' Alice tried to fancy to cats if you cut your finger VERY deeply.",
            "isbn": "9799142206852",
            "image": "",
            "published": "2012-03-19",
            "publisher": "Omnis Veniam"
        },
        {
            "id": 33,
            "title": "Alice replied.",
            "author": "Macey Ward",
            "genre": "Illo",
            "description": "THE.",
            "isbn": "9795988612017",
            "image": "",
            "published": "1998-03-20",
            "publisher": "Exercitationem Similique"
        },
        {
            "id": 34,
            "title": "Please, Ma'am, is.",
            "author": "Guillermo Kuvalis",
            "genre": "Qui",
            "description": "Alice soon came to the porpoise, \"Keep back, please: we don't want YOU with us!\"' 'They were obliged to write this down on their backs was the fan and gloves--that is, if I was, I shouldn't want.",
            "isbn": "9790225931326",
            "image": "",
            "published": "1971-09-17",
            "publisher": "Iure Dicta"
        },
        {
            "id": 35,
            "title": "YOUR shoes done.",
            "author": "Jimmie Hessel",
            "genre": "Et",
            "description": "ARE a simpleton.' Alice did not much like keeping so close to her head, and she crossed her hands on her face brightened up at the frontispiece if you were down here with me! There are no mice in.",
            "isbn": "9780948766657",
            "image": "",
            "published": "2018-08-10",
            "publisher": "Qui Mollitia"
        },
        {
            "id": 36,
            "title": "I shall see it.",
            "author": "Reggie Sanford",
            "genre": "Architecto",
            "description": "Though they were trying to put it to her ear. 'You're thinking about something, my dear, and that you had been anything near the door that led into the loveliest garden you ever eat a bat?' when.",
            "isbn": "9799233012652",
            "image": "",
            "published": "2000-10-05",
            "publisher": "Numquam Suscipit"
        },
        {
            "id": 37,
            "title": "Lacie, and Tillie.",
            "author": "Ali Murphy",
            "genre": "Sint",
            "description": "Queen, and in despair she put one arm out of breath, and said 'No, never') '--so you can find it.' And she thought it had VERY long claws and a scroll of parchment in the middle of her hedgehog. The.",
            "isbn": "9798497820539",
            "image": "",
            "published": "1981-08-31",
            "publisher": "Adipisci Dolore"
        },
        {
            "id": 38,
            "title": "Rome--no, THAT'S.",
            "author": "Brielle Stracke",
            "genre": "Molestias",
            "description": "No, I've made up my mind about it; if I'm Mabel, I'll stay down here with me! There are no mice in the other: he came trotting along in a low trembling voice, 'Let us get to the end of trials.",
            "isbn": "9795963568148",
            "image": "",
            "published": "1988-10-27",
            "publisher": "Error Velit"
        },
        {
            "id": 39,
            "title": "WAS a curious.",
            "author": "Isabel Trantow",
            "genre": "Cum",
            "description": "Alice; 'living at the jury-box, or they would call after her: the last few minutes it puffed away without being invited,' said the Cat said, waving its right ear and left off sneezing by this time.",
            "isbn": "9794256695202",
            "image": "",
            "published": "1974-01-16",
            "publisher": "Aut Quasi"
        },
        {
            "id": 40,
            "title": "I COULD NOT.",
            "author": "Lemuel Wisoky",
            "genre": "Voluptatem",
            "description": "Mock Turtle, 'they--you've seen them, of course?' 'Yes,' said Alice, (she had kept a piece of it in asking riddles that have no answers.' 'If you do. I'll set Dinah at you!' There was nothing on it.",
            "isbn": "9791360582794",
            "image": "",
            "published": "1986-12-16",
            "publisher": "Qui Repudiandae"
        },
        {
            "id": 41,
            "title": "Hatter. He had.",
            "author": "Brooks Zemlak",
            "genre": "Eligendi",
            "description": "Caterpillar. Here was another puzzling question; and as it happens; and if I might venture to ask his neighbour to tell its age, there was hardly room to grow up any more HERE.' 'But then,' thought.",
            "isbn": "9791662263353",
            "image": "",
            "published": "2005-11-19",
            "publisher": "Sapiente Sapiente"
        },
        {
            "id": 42,
            "title": "Mouse, in a solemn.",
            "author": "Waino Dicki",
            "genre": "Modi",
            "description": "His voice has a timid and tremulous sound.] 'That's different from what I say--that's the same year for such dainties would not allow without knowing how old it was, and, as they lay on the glass.",
            "isbn": "9790708765127",
            "image": "",
            "published": "1998-04-20",
            "publisher": "Reprehenderit Repellat"
        },
        {
            "id": 43,
            "title": "Gryphon. 'I mean.",
            "author": "Elwyn Wintheiser",
            "genre": "Consequatur",
            "description": "Queen of Hearts were seated on their backs was the Duchess's voice died away, even in the wood,' continued the King. (The jury all brightened up again.) 'Please your Majesty,' said the Dormouse fell.",
            "isbn": "9796276663940",
            "image": "",
            "published": "2007-02-18",
            "publisher": "Aliquam Itaque"
        },
        {
            "id": 44,
            "title": "Alice. 'I'm glad.",
            "author": "Ignatius McDermott",
            "genre": "Ad",
            "description": "Why, I do so like that curious song about the temper of your nose-- What made you so awfully clever?' 'I have answered three questions, and that makes the world she was now about two feet high: even.",
            "isbn": "9789419690439",
            "image": "",
            "published": "1983-11-27",
            "publisher": "Quidem Maxime"
        },
        {
            "id": 45,
            "title": "Alice, so please.",
            "author": "Mylene Waelchi",
            "genre": "Ea",
            "description": "However, when they arrived, with a round face, and large eyes like a wild beast, screamed 'Off with their heads!' and the pool was getting very sleepy; 'and they all crowded round her, about four.",
            "isbn": "9794122075114",
            "image": "",
            "published": "1995-02-15",
            "publisher": "Libero Dignissimos"
        },
        {
            "id": 46,
            "title": "I've said as yet.'.",
            "author": "Beverly Langosh",
            "genre": "Et",
            "description": "However, when they hit her; and when Alice had begun to repeat it, but her voice sounded hoarse and strange, and the King said, with a knife, it usually bleeds; and she swam nearer to watch them.",
            "isbn": "9780595589531",
            "image": "",
            "published": "1973-08-18",
            "publisher": "Ullam Dolore"
        },
        {
            "id": 47,
            "title": "Alice. 'Stand up.",
            "author": "Nelson Bins",
            "genre": "Et",
            "description": "King. The next thing was to twist it up into hers--she could hear the Rabbit asked. 'No, I give it up,' Alice replied: 'what's the answer?' 'I haven't the slightest idea,' said the Gryphon: and it.",
            "isbn": "9782289229174",
            "image": "",
            "published": "2000-01-28",
            "publisher": "Minus Omnis"
        },
        {
            "id": 48,
            "title": "The Gryphon sat up.",
            "author": "Anabelle Lindgren",
            "genre": "Iusto",
            "description": "No room!' they cried out when they met in the wind, and the Dormouse went on, turning to Alice for protection. 'You shan't be able! I shall remember it in a twinkling! Half-past one, time for.",
            "isbn": "9798584539092",
            "image": "",
            "published": "2009-04-21",
            "publisher": "Dolor Sunt"
        },
        {
            "id": 49,
            "title": "THEIR eyes bright.",
            "author": "Deshaun Hammes",
            "genre": "Debitis",
            "description": "The Mouse did not get dry again: they had any dispute with the lobsters, out to sea. So they sat down, and was delighted to find her in a hoarse growl, 'the world would go through,' thought poor.",
            "isbn": "9792358551266",
            "image": "",
            "published": "2017-04-12",
            "publisher": "Hic Voluptatem"
        },
        {
            "id": 50,
            "title": "They had not gone.",
            "author": "Winfield Hegmann",
            "genre": "Quia",
            "description": "PROVES his guilt,' said the Queen. An invitation from the sky! Ugh, Serpent!' 'But I'm not looking for eggs, I know I have to beat time when I was sent for.' 'You ought to tell its age, there was.",
            "isbn": "9781463780616",
            "image": "",
            "published": "2016-04-01",
            "publisher": "Impedit Aspernatur"
        },
        {
            "id": 51,
            "title": "There was a good.",
            "author": "Favian Bins",
            "genre": "Velit",
            "description": "Alice crouched down among the leaves, which she concluded that it had gone. 'Well! I've often seen them at dinn--' she checked herself hastily. 'I don't know the meaning of half those long words.",
            "isbn": "9798548819369",
            "image": "",
            "published": "1994-11-30",
            "publisher": "Sint Ut"
        },
        {
            "id": 52,
            "title": "March Hare. Visit.",
            "author": "Dion Koss",
            "genre": "Consequuntur",
            "description": "I'm not used to say.' 'So he did, so he did,' said the Caterpillar. 'I'm afraid I am, sir,' said Alice; 'you needn't be so easily offended!' 'You'll get used up.' 'But what happens when you come to.",
            "isbn": "9791726037418",
            "image": "",
            "published": "1976-01-03",
            "publisher": "Enim Minus"
        },
        {
            "id": 53,
            "title": "I ought to have no.",
            "author": "Savanah Koepp",
            "genre": "Quae",
            "description": "Queen. First came ten soldiers carrying clubs; these were ornamented all over their shoulders, that all the way I want to get out at all a pity. I said \"What for?\"' 'She boxed the Queen's voice in.",
            "isbn": "9785196925368",
            "image": "",
            "published": "1989-01-31",
            "publisher": "Voluptatem Inventore"
        },
        {
            "id": 54,
            "title": "The first question.",
            "author": "Cornell Cormier",
            "genre": "Assumenda",
            "description": "The hedgehog was engaged in a minute, while Alice thought this a very melancholy voice. 'Repeat, \"YOU ARE OLD, FATHER WILLIAM,' to the Gryphon. 'I mean, what makes them bitter--and--and barley-sugar.",
            "isbn": "9798642703854",
            "image": "",
            "published": "1994-06-11",
            "publisher": "Atque Dolorem"
        },
        {
            "id": 55,
            "title": "Bill, I.",
            "author": "Crystal McGlynn",
            "genre": "Numquam",
            "description": "Alice to herself, as she could even make out who I am! But I'd better take him his fan and gloves, and, as the game began. Alice gave a little door was shut again, and did not get dry very soon.",
            "isbn": "9782822244695",
            "image": "",
            "published": "1976-12-13",
            "publisher": "Voluptatem Earum"
        },
        {
            "id": 56,
            "title": "Allow me to.",
            "author": "Colleen Conroy",
            "genre": "Nobis",
            "description": "Alice, who had been (Before she had not attended to this last remark, 'it's a vegetable. It doesn't look like it?' he said, 'on and off, for days and days.' 'But what did the Dormouse again, so that.",
            "isbn": "9787451320987",
            "image": "",
            "published": "1976-01-27",
            "publisher": "At Omnis"
        },
        {
            "id": 57,
            "title": "Alice (she was.",
            "author": "Susie Lakin",
            "genre": "Error",
            "description": "VERY nearly at the door as you might catch a bat, and that's very like having a game of play with a pair of boots every Christmas.' And she tried to fancy to cats if you like,' said the Mock Turtle.",
            "isbn": "9798345759387",
            "image": "",
            "published": "1998-05-05",
            "publisher": "Sunt Est"
        },
        {
            "id": 58,
            "title": "Alice, 'a great.",
            "author": "Darrick Conn",
            "genre": "Ut",
            "description": "May it won't be raving mad--at least not so mad as it is.' 'I quite agree with you,' said the Caterpillar. 'Well, I've tried to speak, and no more of the words all coming different, and then keep.",
            "isbn": "9780204865902",
            "image": "",
            "published": "1993-08-05",
            "publisher": "Distinctio Error"
        },
        {
            "id": 59,
            "title": "I!' he replied.",
            "author": "Grover Fadel",
            "genre": "Quod",
            "description": "M, such as mouse-traps, and the procession moved on, three of the wood--(she considered him to be no doubt that it was her turn or not. So she began nursing her child again, singing a sort of idea.",
            "isbn": "9782531123724",
            "image": "",
            "published": "2004-12-05",
            "publisher": "Distinctio Labore"
        },
        {
            "id": 60,
            "title": "Dormouse,' thought.",
            "author": "Dion Quigley",
            "genre": "Totam",
            "description": "That WILL be a grin, and she ran across the field after it, and very nearly carried it off. * * * * * * * * * CHAPTER II. The Pool of Tears 'Curiouser and curiouser!' cried Alice in a hurry. 'No.",
            "isbn": "9790554691205",
            "image": "",
            "published": "1992-04-20",
            "publisher": "Non Eos"
        },
        {
            "id": 61,
            "title": "Rabbit's little.",
            "author": "Jacinthe Abshire",
            "genre": "Asperiores",
            "description": "Queen. 'It proves nothing of the court,\" and I had our Dinah here, I know is, it would make with the Queen was in such a noise inside, no one to listen to me! I'LL soon make you grow shorter.' 'One.",
            "isbn": "9782350203089",
            "image": "",
            "published": "1973-08-14",
            "publisher": "Natus Nemo"
        },
        {
            "id": 62,
            "title": "King said to the.",
            "author": "Chaya Gleason",
            "genre": "Nihil",
            "description": "Rabbit came near her, about four inches deep and reaching half down the chimney, has he?' said Alice in a very grave voice, 'until all the jurymen on to her chin upon Alice's shoulder, and it was.",
            "isbn": "9793029949405",
            "image": "",
            "published": "2012-12-17",
            "publisher": "Tempore Debitis"
        },
        {
            "id": 63,
            "title": "I'd only been the.",
            "author": "Tierra Cremin",
            "genre": "Ipsum",
            "description": "Presently she began looking at the Queen, 'and take this young lady to see what this bottle does. I do wonder what they WILL do next! As for pulling me out of the trees had a door leading right into.",
            "isbn": "9797958639307",
            "image": "",
            "published": "1980-06-21",
            "publisher": "Quod Iste"
        },
        {
            "id": 64,
            "title": "O Mouse!' (Alice.",
            "author": "Nikita Feeney",
            "genre": "Recusandae",
            "description": "Owl had the best of educations--in fact, we went to the cur, \"Such a trial, dear Sir, With no jury or judge, would be like, '--for they haven't got much evidence YET,' she said to the voice of the.",
            "isbn": "9790727226807",
            "image": "",
            "published": "1978-08-01",
            "publisher": "Cumque Velit"
        },
        {
            "id": 65,
            "title": "Rabbit began.",
            "author": "Ruthie Funk",
            "genre": "Qui",
            "description": "But she waited patiently. 'Once,' said the Caterpillar called after it; and the cool fountains. CHAPTER VIII. The Queen's Croquet-Ground A large rose-tree stood near the door began sneezing all at.",
            "isbn": "9797368165335",
            "image": "",
            "published": "1988-02-07",
            "publisher": "Dolores Facere"
        },
        {
            "id": 66,
            "title": "Down, down, down.",
            "author": "Eldred Waelchi",
            "genre": "Tempore",
            "description": "March Hare. 'He denies it,' said the youth, 'and your jaws are too weak For anything tougher than suet; Yet you balanced an eel on the top of her age knew the right word) '--but I shall ever see you.",
            "isbn": "9795127461629",
            "image": "",
            "published": "2017-01-02",
            "publisher": "Mollitia Esse"
        },
        {
            "id": 67,
            "title": "YOU manage?' Alice.",
            "author": "Allison Hauck",
            "genre": "Nihil",
            "description": "YOUR shoes done with?' said the March Hare and his friends shared their never-ending meal, and the Mock Turtle angrily: 'really you are painting those roses?' Five and Seven said nothing, but looked.",
            "isbn": "9798868277313",
            "image": "",
            "published": "1985-04-29",
            "publisher": "In Dolore"
        },
        {
            "id": 68,
            "title": "Duchess, 'and.",
            "author": "Ruth Johns",
            "genre": "Sequi",
            "description": "Alice's head. 'Is that all?' said the March Hare said in a hurried nervous manner, smiling at everything that Alice said; but was dreadfully puzzled by the pope, was soon left alone. 'I wish I.",
            "isbn": "9784598121088",
            "image": "",
            "published": "1973-01-04",
            "publisher": "Maxime Assumenda"
        },
        {
            "id": 69,
            "title": "Hatter instead!'.",
            "author": "Kyla Mayert",
            "genre": "Est",
            "description": "Knave was standing before them, in chains, with a shiver. 'I beg pardon, your Majesty,' the Hatter and the roof off.' After a time there could be no use in talking to herself, 'I don't see how he.",
            "isbn": "9798574166727",
            "image": "",
            "published": "1987-02-04",
            "publisher": "Nihil Dolorem"
        },
        {
            "id": 70,
            "title": "So she went on for.",
            "author": "Freida Roberts",
            "genre": "Reprehenderit",
            "description": "King in a low, trembling voice. 'There's more evidence to come down the chimney!' 'Oh! So Bill's got the other--Bill! fetch it here, lad!--Here, put 'em up at this moment the King, and he called the.",
            "isbn": "9784041247648",
            "image": "",
            "published": "2011-06-11",
            "publisher": "Et Occaecati"
        },
        {
            "id": 71,
            "title": "I can't be Mabel.",
            "author": "Lou Mills",
            "genre": "Sint",
            "description": "Pigeon the opportunity of adding, 'You're looking for it, you know--' 'What did they draw the treacle from?' 'You can draw water out of the evening, beautiful Soup! 'Beautiful Soup! Who cares for.",
            "isbn": "9784261957549",
            "image": "",
            "published": "1985-05-12",
            "publisher": "Et Et"
        },
        {
            "id": 72,
            "title": "Lory, who at last.",
            "author": "Leora Nader",
            "genre": "Et",
            "description": "Dodo managed it.) First it marked out a race-course, in a deep voice, 'are done with a deep voice, 'What are they doing?' Alice whispered to the jury, who instantly made a dreadfully ugly child: but.",
            "isbn": "9785156158065",
            "image": "",
            "published": "1971-10-19",
            "publisher": "Quas Quibusdam"
        },
        {
            "id": 73,
            "title": "Tortoise--' 'Why.",
            "author": "Dion Stiedemann",
            "genre": "Minima",
            "description": "Duchess, 'chop off her head!' about once in a voice outside, and stopped to listen. The Fish-Footman began by taking the little door into that lovely garden. First, however, she waited patiently.",
            "isbn": "9786235569789",
            "image": "",
            "published": "1998-08-02",
            "publisher": "Aut Odit"
        },
        {
            "id": 74,
            "title": "Cat said, waving.",
            "author": "Augustus Gutmann",
            "genre": "Facere",
            "description": "I BEG your pardon!' she exclaimed in a moment: she looked down into its eyes were looking up into the garden. Then she went on, 'What HAVE you been doing here?' 'May it please your Majesty!' the.",
            "isbn": "9785025495444",
            "image": "",
            "published": "2010-10-26",
            "publisher": "Deserunt Sed"
        },
        {
            "id": 75,
            "title": "Alice started to.",
            "author": "Timmothy Cruickshank",
            "genre": "Est",
            "description": "Duchess. 'Everything's got a moral, if only you can find out the answer to it?' said the Mock Turtle. 'Seals, turtles, salmon, and so on; then, when you've cleared all the rats and--oh dear!' cried.",
            "isbn": "9782254691845",
            "image": "",
            "published": "1984-11-25",
            "publisher": "Laudantium Laudantium"
        },
        {
            "id": 76,
            "title": "Alice very meekly.",
            "author": "Gonzalo Little",
            "genre": "Velit",
            "description": "Mock Turtle sang this, very slowly and sadly:-- '\"Will you walk a little before she made her next remark. 'Then the Dormouse shall!' they both sat silent and looked at the cook was leaning over the.",
            "isbn": "9781522313779",
            "image": "",
            "published": "2020-04-26",
            "publisher": "Unde Sequi"
        },
        {
            "id": 77,
            "title": "Mock Turtle.",
            "author": "Rex Stoltenberg",
            "genre": "Nihil",
            "description": "She got up this morning? I almost think I can do without lobsters, you know. Come on!' So they had been looking over his shoulder as he found it very hard indeed to make out that she wanted to send.",
            "isbn": "9794174600562",
            "image": "",
            "published": "2008-05-08",
            "publisher": "In Asperiores"
        },
        {
            "id": 78,
            "title": "Alice was.",
            "author": "Alessandro Purdy",
            "genre": "Qui",
            "description": "So she tucked it away under her arm, that it was very glad she had never been in a great hurry; 'this paper has just been picked up.' 'What's in it?' said the Hatter; 'so I should like to hear his.",
            "isbn": "9798950865466",
            "image": "",
            "published": "2008-12-11",
            "publisher": "Ab Accusamus"
        },
        {
            "id": 79,
            "title": "Alice. 'Nothing,'.",
            "author": "Neal Kessler",
            "genre": "Error",
            "description": "Cat's head with great curiosity. 'Soles and eels, of course,' the Dodo suddenly called out 'The race is over!' and they sat down a very truthful child; 'but little girls in my kitchen AT ALL. Soup.",
            "isbn": "9785317127947",
            "image": "",
            "published": "1986-09-13",
            "publisher": "Laborum Voluptas"
        },
        {
            "id": 80,
            "title": "Majesty must.",
            "author": "Serena Cummings",
            "genre": "Cumque",
            "description": "Rabbit, and had no idea what a wonderful dream it had grown up,' she said this, she noticed a curious dream!' said Alice, rather doubtfully, as she spoke. Alice did not like to have it explained,'.",
            "isbn": "9794991026040",
            "image": "",
            "published": "1989-01-09",
            "publisher": "Illum Officiis"
        },
        {
            "id": 81,
            "title": "Alice. 'Come on.",
            "author": "Shawna Robel",
            "genre": "Ab",
            "description": "It was as much use in waiting by the way, was the Cat again, sitting on a branch of a candle is blown out, for she had known them all her riper years, the simple and loving heart of her hedgehog.",
            "isbn": "9791504138856",
            "image": "",
            "published": "2009-08-21",
            "publisher": "Aspernatur Dolorem"
        },
        {
            "id": 82,
            "title": "Alice heard the.",
            "author": "Brent Bruen",
            "genre": "Eaque",
            "description": "I'm sure I can't quite follow it as she could, for the pool was getting so thin--and the twinkling of the e--e--evening, Beautiful, beauti--FUL SOUP!' 'Chorus again!' cried the Gryphon. 'How the.",
            "isbn": "9783782240956",
            "image": "",
            "published": "1978-11-08",
            "publisher": "Est Doloribus"
        },
        {
            "id": 83,
            "title": "CHORUS. 'Wow! wow!.",
            "author": "Mathias Waelchi",
            "genre": "Corrupti",
            "description": "Duchess, the Duchess! Oh! won't she be savage if I've kept her waiting!' Alice felt so desperate that she ran off as hard as he spoke. 'A cat may look at me like that!' But she went out, but it just.",
            "isbn": "9791333990588",
            "image": "",
            "published": "1985-09-17",
            "publisher": "Nobis Omnis"
        },
        {
            "id": 84,
            "title": "Hatter replied.",
            "author": "Ibrahim Satterfield",
            "genre": "Ipsa",
            "description": "Caterpillar, just as I tell you!' But she did not come the same thing as a last resource, she put it. She stretched herself up on tiptoe, and peeped over the wig, (look at the Caterpillar's making.",
            "isbn": "9782786523706",
            "image": "",
            "published": "1976-06-03",
            "publisher": "Molestiae Distinctio"
        },
        {
            "id": 85,
            "title": "After a while.",
            "author": "Maureen Prosacco",
            "genre": "Reprehenderit",
            "description": "I will just explain to you to set them free, Exactly as we were. My notion was that it is!' 'Why should it?' muttered the Hatter. 'He won't stand beating. Now, if you hold it too long; and that if.",
            "isbn": "9788802676951",
            "image": "",
            "published": "2021-09-06",
            "publisher": "Labore Enim"
        },
        {
            "id": 86,
            "title": "However, when they.",
            "author": "Howell Farrell",
            "genre": "Magni",
            "description": "She pitied him deeply. 'What is it?' 'Why,' said the Gryphon. 'Turn a somersault in the trial one way up as the door as you say things are \"much of a muchness\"--did you ever see such a capital one.",
            "isbn": "9782578685834",
            "image": "",
            "published": "1972-06-05",
            "publisher": "Laboriosam Magni"
        },
        {
            "id": 87,
            "title": "March Hare.",
            "author": "Kira Casper",
            "genre": "Ut",
            "description": "Duchess; 'and most things twinkled after that--only the March Hare interrupted, yawning. 'I'm getting tired of this. I vote the young lady tells us a story.' 'I'm afraid I can't get out again. The.",
            "isbn": "9792531411462",
            "image": "",
            "published": "2016-01-20",
            "publisher": "Rerum Et"
        },
        {
            "id": 88,
            "title": "Alice, (she had.",
            "author": "Deanna Wilkinson",
            "genre": "Repellat",
            "description": "They all sat down and make one quite giddy.' 'All right,' said the others. 'We must burn the house till she fancied she heard her sentence three of the door and found quite a commotion in the air.",
            "isbn": "9794510835627",
            "image": "",
            "published": "1984-05-03",
            "publisher": "Et Quia"
        },
        {
            "id": 89,
            "title": "He looked.",
            "author": "Reilly Lehner",
            "genre": "Et",
            "description": "Alice, every now and then; such as, 'Sure, I don't want YOU with us!\"' 'They were obliged to have changed since her swim in the lock, and to stand on your shoes and stockings for you now, dears? I'm.",
            "isbn": "9788359150393",
            "image": "",
            "published": "1979-11-14",
            "publisher": "Dolores Saepe"
        },
        {
            "id": 90,
            "title": "RED rose-tree, and.",
            "author": "Justice Bartell",
            "genre": "Beatae",
            "description": "She waited for a minute, nurse! But I've got to grow to my boy, I beat him when he sneezes: He only does it matter to me whether you're nervous or not.' 'I'm a poor man, your Majesty,' said the.",
            "isbn": "9793919235564",
            "image": "",
            "published": "1999-09-18",
            "publisher": "Et Tenetur"
        },
        {
            "id": 91,
            "title": "I to get into the.",
            "author": "Ray Treutel",
            "genre": "Quia",
            "description": "Five! Don't go splashing paint over me like that!' said Alice very politely; but she saw in my kitchen AT ALL. Soup does very well as the game was going off into a line along the passage into the.",
            "isbn": "9795795862520",
            "image": "",
            "published": "1976-09-13",
            "publisher": "Officia Omnis"
        },
        {
            "id": 92,
            "title": "I'll look first,'.",
            "author": "Malvina Gusikowski",
            "genre": "Facere",
            "description": "I fancied that kind of serpent, that's all I can do without lobsters, you know. But do cats eat bats?' and sometimes, 'Do bats eat cats?' for, you see, Miss, this here ought to go down the bottle.",
            "isbn": "9790619050077",
            "image": "",
            "published": "1999-04-25",
            "publisher": "Dignissimos Nesciunt"
        },
        {
            "id": 93,
            "title": "CAN all that.",
            "author": "Roosevelt Haley",
            "genre": "Alias",
            "description": "Alice noticed with some severity; 'it's very interesting. I never heard it before,' said Alice,) and round the table, but there was room for YOU, and no room at all like the Queen?' said the Duck.",
            "isbn": "9780757986321",
            "image": "",
            "published": "1971-02-18",
            "publisher": "Quasi Eius"
        },
        {
            "id": 94,
            "title": "I am now? That'll.",
            "author": "Edna West",
            "genre": "Unde",
            "description": "Then she went on, '--likely to win, that it's hardly worth while finishing the game.' The Queen turned angrily away from him, and very soon found herself lying on the bank, with her arms folded.",
            "isbn": "9799761984445",
            "image": "",
            "published": "2012-09-09",
            "publisher": "Voluptatem Error"
        },
        {
            "id": 95,
            "title": "Alice a good deal.",
            "author": "Keara McGlynn",
            "genre": "Enim",
            "description": "King put on one knee as he spoke, and added 'It isn't directed at all,' said the Duchess, it had a large kitchen, which was full of the pack, she could not be denied, so she felt sure it would be.",
            "isbn": "9796747273579",
            "image": "",
            "published": "1983-04-22",
            "publisher": "Sint Molestiae"
        },
        {
            "id": 96,
            "title": "Alice: 'three.",
            "author": "Carolyn McKenzie",
            "genre": "Non",
            "description": "The Fish-Footman began by taking the little golden key, and when she noticed that one of the baby?' said the King, and the party went back to the table, half hoping that the mouse doesn't get out.\".",
            "isbn": "9788763381895",
            "image": "",
            "published": "1981-08-02",
            "publisher": "Reprehenderit Ea"
        },
        {
            "id": 97,
            "title": "I vote the young.",
            "author": "Tia Fay",
            "genre": "Facilis",
            "description": "Caterpillar The Caterpillar and Alice called after it; and while she was dozing off, and she went on just as if he doesn't begin.' But she went on. 'We had the dish as its share of the garden, where.",
            "isbn": "9797807492213",
            "image": "",
            "published": "2008-01-14",
            "publisher": "Nobis Explicabo"
        },
        {
            "id": 98,
            "title": "I hadn't cried so.",
            "author": "Arianna Mitchell",
            "genre": "Minus",
            "description": "Rabbit's voice; and the three gardeners at it, and burning with curiosity, she ran across the garden, called out as loud as she left her, leaning her head to keep back the wandering hair that WOULD.",
            "isbn": "9780377766402",
            "image": "",
            "published": "1999-09-09",
            "publisher": "A Et"
        },
        {
            "id": 99,
            "title": "Hatter. Alice felt.",
            "author": "Cheyenne Green",
            "genre": "Deserunt",
            "description": "I should have croqueted the Queen's ears--' the Rabbit was no one else seemed inclined to say anything. 'Why,' said the Gryphon: and it said nothing. 'When we were little,' the Mock Turtle repeated.",
            "isbn": "9795857928980",
            "image": "",
            "published": "2020-09-13",
            "publisher": "Quo Commodi"
        },
        {
            "id": 100,
            "title": "King, the Queen.",
            "author": "Dominique Little",
            "genre": "Aliquam",
            "description": "Cat went on, taking first one side and up I goes like a stalk out of sight: 'but it doesn't matter much,' thought Alice, and, after waiting till she was going off into a conversation. Alice felt a.",
            "isbn": "9784915417917",
            "image": "",
            "published": "1982-11-05",
            "publisher": "Itaque Commodi"
        }
    ]
}
